id,first_name,last_name,email,gender,ip_address,is_customer
1,Reinald,Quiddington,rquiddington0@opera.com,Male,155.149.79.176,false
2,Shayna,Fernie,sfernie1@oracle.com,Female,232.34.119.34,false
3,Ellwood,Tanzer,etanzer2@mozilla.com,Male,138.183.30.107,true
4,Curry,Asp,casp3@apache.org,Male,76.251.160.219,false
5,Alissa,Collett,acollett4@pcworld.com,Genderfluid,27.187.153.93,true
6,Godfree,Eastcott,geastcott5@uiuc.edu,Male,11.209.79.104,true
7,Lombard,Goundsy,lgoundsy6@skype.com,Polygender,39.162.222.12,false
8,Kylila,McMorland,kmcmorland7@blog.com,Female,43.138.42.109,false
9,Tomlin,Fiorentino,tfiorentino8@posterous.com,Male,22.81.228.137,true
10,Elysee,Bautiste,ebautiste9@instagram.com,Female,157.232.135.244,false
11,Ransom,Ostick,rosticka@mashable.com,Male,75.255.197.228,true
12,Ceciley,Epsley,cepsleyb@house.gov,Genderqueer,251.55.154.35,false
13,Elka,Lillecrap,elillecrapc@msn.com,Female,205.228.241.236,false
14,Samuele,Lukehurst,slukehurstd@washingtonpost.com,Male,228.52.12.108,true
15,Urban,Rea,ureae@usgs.gov,Male,111.143.204.190,true
16,Faun,Gahan,fgahanf@biglobe.ne.jp,Female,164.131.92.73,false
17,Louis,Mehmet,lmehmetg@nytimes.com,Male,99.215.112.199,true
18,Lucio,Doutch,ldoutchh@trellian.com,Male,11.152.191.17,false
19,Philbert,Turpin,pturpini@wix.com,Male,52.246.56.162,false
20,Rickert,Leagas,rleagasj@sbwire.com,Male,201.106.163.230,false
21,Rorie,Summerscales,rsummerscalesk@epa.gov,Female,91.122.140.79,false
22,Avigdor,McMaster,amcmasterl@slashdot.org,Male,48.157.171.29,false
23,Sheri,Dunbobbin,sdunbobbinm@wikia.com,Female,86.204.219.109,false
24,Teddi,Inker,tinkern@apache.org,Female,131.167.116.250,false
25,Arley,Durdle,adurdleo@booking.com,Male,60.70.254.82,true
26,Brigitta,Soutter,bsoutterp@vkontakte.ru,Female,80.245.160.101,true
27,Abby,Jekel,ajekelq@dailymotion.com,Female,124.184.201.168,true
28,Bryanty,O'Riordan,boriordanr@amazon.co.jp,Male,140.18.204.223,true
29,Morena,McQuaid,mmcquaids@howstuffworks.com,Female,40.69.212.78,false
30,Katha,Fazackerley,kfazackerleyt@ocn.ne.jp,Female,83.61.80.222,true
31,Case,Pohlak,cpohlaku@bizjournals.com,Male,234.158.47.139,true
32,Maury,Stoate,mstoatev@fotki.com,Male,169.156.47.105,true
33,Kaela,Axford,kaxfordw@chronoengine.com,Female,166.123.246.149,true
34,Malvina,Bartolomeoni,mbartolomeonix@dedecms.com,Female,36.197.98.244,true
35,Gipsy,Binnion,gbinniony@cocolog-nifty.com,Female,128.38.212.200,true
36,Mortie,Schroter,mschroterz@patch.com,Male,237.105.202.199,true
37,Davide,Conibear,dconibear10@hatena.ne.jp,Male,170.227.183.253,false
38,Cheri,Stocking,cstocking11@php.net,Female,46.59.158.99,false
39,Sherrie,Dudderidge,sdudderidge12@tiny.cc,Female,84.196.91.130,false
40,Josephina,Waulker,jwaulker13@economist.com,Female,233.245.7.131,false
41,Foss,Erickson,ferickson14@behance.net,Male,115.95.141.232,false
42,Anson,Bitterton,abitterton15@un.org,Male,63.213.90.226,true
43,Gerardo,MacCheyne,gmaccheyne16@mysql.com,Male,164.166.95.143,false
44,Shanta,Levington,slevington17@csmonitor.com,Genderqueer,224.98.143.0,false
45,Linet,Fleet,lfleet18@noaa.gov,Agender,1.141.163.250,true
46,Elsey,Darville,edarville19@edublogs.org,Female,168.245.172.180,true
47,Dorelia,Abrahamian,dabrahamian1a@dailymotion.com,Female,28.36.7.255,false
48,Elianora,Hallut,ehallut1b@admin.ch,Female,86.173.46.36,true
49,Pennie,Waycot,pwaycot1c@zimbio.com,Male,156.84.217.73,true
50,Ruby,Brent,rbrent1d@unblog.fr,Female,245.195.90.219,true
51,Sonny,Nairne,snairne1e@biglobe.ne.jp,Polygender,57.197.38.231,false
52,Gardener,Licquorish,glicquorish1f@hostgator.com,Male,39.254.64.157,true
53,Odell,Tofanini,otofanini1g@imdb.com,Male,151.179.218.153,true
54,Yettie,Crossthwaite,ycrossthwaite1h@abc.net.au,Female,6.30.12.218,true
55,Jerrilyn,Thornebarrow,jthornebarrow1i@dropbox.com,Bigender,144.26.88.68,true
56,Scotty,Caller,scaller1j@bigcartel.com,Male,56.210.56.198,false
57,Harriott,Fick,hfick1k@1und1.de,Bigender,253.209.31.96,false
58,Jarrod,Deniset,jdeniset1l@goo.ne.jp,Male,72.21.21.215,true
59,Frieda,Potebury,fpotebury1m@bigcartel.com,Female,108.87.199.210,false
60,Karmen,Finlator,kfinlator1n@un.org,Female,167.121.25.18,true
61,Perren,Bortolazzi,pbortolazzi1o@cyberchimps.com,Male,206.87.36.253,false
62,Pooh,Orchart,porchart1p@biblegateway.com,Male,5.8.65.85,true
63,Kattie,Bousler,kbousler1q@usda.gov,Female,196.136.6.207,false
64,Bronnie,Bonfield,bbonfield1r@storify.com,Male,253.205.193.16,true
65,Kerr,Cornock,kcornock1s@meetup.com,Male,130.155.182.206,true
66,Nedi,Malins,nmalins1t@loc.gov,Female,165.55.236.160,true
67,Corbin,Lecordier,clecordier1u@princeton.edu,Male,18.25.51.119,false
68,Ailyn,Greenard,agreenard1v@shinystat.com,Female,125.85.204.20,false
69,Vincents,Ellgood,vellgood1w@seesaa.net,Male,232.1.114.158,false
70,Gordie,Fieller,gfieller1x@techcrunch.com,Male,178.181.189.60,false
71,Claretta,Ibert,cibert1y@e-recht24.de,Genderfluid,23.206.175.241,true
72,Imojean,Delacroix,idelacroix1z@1und1.de,Female,202.5.78.14,true
73,Dag,Gosnold,dgosnold20@odnoklassniki.ru,Male,202.20.205.175,true
74,Marrissa,Dahmel,mdahmel21@aboutads.info,Female,148.192.4.27,false
75,Rab,Fishlock,rfishlock22@symantec.com,Male,114.51.69.148,true
76,Isidore,Coast,icoast23@mail.ru,Male,193.47.156.129,true
77,Welch,Ferriman,wferriman24@netscape.com,Male,138.131.34.88,false
78,Maurene,Croom,mcroom25@walmart.com,Female,244.218.222.40,false
79,Harmony,Coryndon,hcoryndon26@twitter.com,Female,50.175.42.138,true
80,Kelley,Hulle,khulle27@netlog.com,Male,87.13.237.217,false
81,Amaleta,Radborn,aradborn28@howstuffworks.com,Female,137.63.131.68,false
82,Dianemarie,Gubbins,dgubbins29@wunderground.com,Female,240.31.213.139,true
83,Rudy,Applebee,rapplebee2a@prlog.org,Male,15.79.4.168,false
84,Zita,Oylett,zoylett2b@storify.com,Female,237.165.172.227,true
85,Fanechka,Pattingson,fpattingson2c@wix.com,Genderfluid,180.218.132.47,true
86,Sauveur,Beament,sbeament2d@nydailynews.com,Male,226.85.101.30,false
87,Feodor,Wayper,fwayper2e@goo.ne.jp,Male,74.127.110.236,true
88,Omar,Jeacock,ojeacock2f@elpais.com,Male,254.61.54.215,true
89,Aggy,Cogin,acogin2g@ezinearticles.com,Female,31.107.157.152,false
90,Janna,Diment,jdiment2h@pen.io,Female,216.110.9.57,true
91,Gnni,Neeves,gneeves2i@ezinearticles.com,Female,109.62.90.25,true
92,Susanne,Haythorne,shaythorne2j@ftc.gov,Female,66.25.196.226,true
93,Costa,Arnoll,carnoll2k@joomla.org,Male,10.44.173.159,true
94,Tremaine,Kingaby,tkingaby2l@cam.ac.uk,Male,146.155.54.247,false
95,Odella,Showering,oshowering2m@tamu.edu,Female,191.90.78.106,true
96,Mureil,Nanelli,mnanelli2n@ask.com,Female,99.208.89.130,false
97,Dallon,Lewnden,dlewnden2o@goodreads.com,Male,84.8.6.214,false
98,Georgi,Douche,gdouche2p@yahoo.co.jp,Male,172.217.223.222,false
99,Ferdy,Townrow,ftownrow2q@admin.ch,Male,116.162.175.223,false
100,Gavrielle,McGennis,gmcgennis2r@hp.com,Female,122.60.8.97,false
101,Georgeta,Welds,gwelds2s@rakuten.co.jp,Female,217.39.126.106,false
102,Mechelle,Hofner,mhofner2t@wikimedia.org,Female,111.99.203.28,true
103,Quillan,Bithell,qbithell2u@a8.net,Male,22.189.152.14,true
104,Arch,Connell,aconnell2v@mapy.cz,Male,230.116.201.116,false
105,Elka,Szymanek,eszymanek2w@wsj.com,Female,91.186.71.213,true
106,Gordie,Adamski,gadamski2x@sciencedirect.com,Male,26.113.33.231,false
107,Batsheva,Raftery,braftery2y@youtu.be,Female,98.200.124.123,true
108,Evyn,Laffling,elaffling2z@sourceforge.net,Male,32.163.67.21,true
109,Kalli,MacKonochie,kmackonochie30@sfgate.com,Female,104.203.108.239,true
110,Rorie,Karel,rkarel31@flavors.me,Female,59.16.66.181,false
111,Winny,Blease,wblease32@adobe.com,Male,28.72.17.20,false
112,Franny,Grubey,fgrubey33@naver.com,Male,173.73.81.178,true
113,Glennie,Layus,glayus34@mit.edu,Female,212.116.216.166,true
114,Barde,Babst,bbabst35@google.com.hk,Male,9.54.140.28,true
115,Abbie,Harriday,aharriday36@instagram.com,Genderqueer,177.252.24.95,false
116,Stan,Mewes,smewes37@scientificamerican.com,Male,170.123.33.250,true
117,Jaye,Gonet,jgonet38@google.co.uk,Male,219.112.181.42,true
118,Erhart,Pinkett,epinkett39@blogs.com,Male,160.233.9.208,false
119,Washington,Titterell,wtitterell3a@weather.com,Male,71.4.248.59,true
120,Lurline,Benne,lbenne3b@yolasite.com,Female,101.82.225.141,false
121,Hilly,Pharoah,hpharoah3c@dyndns.org,Male,0.76.231.12,false
122,Jameson,Shickle,jshickle3d@usda.gov,Male,57.202.128.53,true
123,Yelena,Thaxter,ythaxter3e@engadget.com,Female,150.225.165.242,true
124,Marnie,O'Towey,motowey3f@hostgator.com,Female,224.0.88.47,true
125,Broderick,Menel,bmenel3g@elpais.com,Male,20.149.88.6,true
126,Blane,Niece,bniece3h@cocolog-nifty.com,Genderfluid,255.192.22.63,false
127,Hobart,Vanyukov,hvanyukov3i@prlog.org,Male,6.143.7.181,true
128,Konstantin,Freeburn,kfreeburn3j@spotify.com,Male,88.207.125.218,false
129,Kenny,Gresswood,kgresswood3k@acquirethisname.com,Male,212.95.229.113,false
130,Alma,Dwane,adwane3l@ft.com,Female,188.249.157.0,true
131,Bobbette,O' Byrne,bobyrne3m@pcworld.com,Female,195.160.20.149,true
132,Lacie,Mitchel,lmitchel3n@de.vu,Female,155.133.77.23,false
133,Noelyn,Sacco,nsacco3o@themeforest.net,Female,94.143.134.46,false
134,Otto,Guidotti,oguidotti3p@typepad.com,Male,231.130.247.225,true
135,Annabella,Wheldon,awheldon3q@kickstarter.com,Female,123.222.174.188,false
136,Loella,Steeples,lsteeples3r@marriott.com,Female,64.56.220.244,false
137,Benjie,Syrie,bsyrie3s@drupal.org,Male,112.45.235.10,false
138,Gypsy,Kornyshev,gkornyshev3t@va.gov,Female,19.79.113.236,false
139,Letitia,Bicker,lbicker3u@a8.net,Female,212.215.248.90,true
140,Lucien,Woodfield,lwoodfield3v@jimdo.com,Male,97.234.7.96,true
141,Grethel,MacCallester,gmaccallester3w@walmart.com,Female,95.192.246.236,false
142,Melanie,Meadway,mmeadway3x@seesaa.net,Genderqueer,50.203.121.57,true
143,Melinde,Brewins,mbrewins3y@facebook.com,Female,223.177.0.191,false
144,Bunny,Tace,btace3z@g.co,Female,46.223.45.14,true
145,Adey,Greenig,agreenig40@comsenz.com,Female,6.158.238.73,false
146,Maurice,Spread,mspread41@ifeng.com,Male,50.111.240.100,true
147,Raimundo,Argabrite,rargabrite42@rakuten.co.jp,Non-binary,153.137.214.25,true
148,Klaus,Oxford,koxford43@dailymotion.com,Male,38.84.221.89,true
149,Meagan,Chapellow,mchapellow44@etsy.com,Genderqueer,19.3.203.107,false
150,Tobi,Jerred,tjerred45@prweb.com,Female,107.216.185.12,false
151,Mead,MacDearmid,mmacdearmid46@stanford.edu,Male,233.223.39.246,true
152,Una,Armit,uarmit47@sfgate.com,Female,184.87.155.174,false
153,Aldridge,Hawkridge,ahawkridge48@123-reg.co.uk,Male,218.175.236.12,true
154,Sabina,Caccavari,scaccavari49@xing.com,Female,153.205.188.155,false
155,Raymund,Gulland,rgulland4a@fema.gov,Male,24.2.36.220,true
156,Anna,McCromley,amccromley4b@furl.net,Female,24.75.5.0,false
157,Cristionna,Hazelby,chazelby4c@apple.com,Female,44.246.91.182,false
158,Tedie,Heselwood,theselwood4d@flickr.com,Male,225.254.170.182,false
159,Odessa,Henricsson,ohenricsson4e@last.fm,Bigender,70.168.51.213,true
160,Elisa,Baumber,ebaumber4f@sciencedaily.com,Female,95.178.159.12,true
161,Flory,Townshend,ftownshend4g@spotify.com,Female,164.69.248.117,true
162,Hayley,Skones,hskones4h@nyu.edu,Female,7.83.142.121,false
163,Neille,Cogger,ncogger4i@marketwatch.com,Female,96.188.209.130,false
164,Marguerite,Heningham,mheningham4j@de.vu,Genderfluid,38.113.227.137,false
165,Bartolemo,Bleasby,bbleasby4k@wunderground.com,Male,68.62.45.87,true
166,Micki,Hughlock,mhughlock4l@ebay.co.uk,Female,172.236.134.33,true
167,Celle,Barthelet,cbarthelet4m@bing.com,Female,18.169.198.70,true
168,Jolie,Janousek,jjanousek4n@cnbc.com,Female,53.62.171.4,false
169,Michaelina,Fulford,mfulford4o@liveinternet.ru,Female,107.3.78.33,false
170,Gerald,Netley,gnetley4p@phoca.cz,Male,5.28.225.119,false
171,Allyson,Hews,ahews4q@google.ru,Female,138.100.65.19,true
172,Sabrina,Jessett,sjessett4r@nih.gov,Female,18.227.155.34,true
173,Butch,Aleshkov,baleshkov4s@networksolutions.com,Male,95.244.222.75,true
174,Rourke,Longhurst,rlonghurst4t@deliciousdays.com,Male,16.52.118.113,true
175,Derrick,Pendrey,dpendrey4u@dedecms.com,Male,227.80.196.195,true
176,Wade,Bezants,wbezants4v@archive.org,Male,204.179.95.173,false
177,Pincas,Cringle,pcringle4w@hibu.com,Polygender,205.232.70.156,true
178,Karly,Warne,kwarne4x@ehow.com,Female,59.78.120.244,true
179,Rea,Pinkney,rpinkney4y@google.ca,Female,118.161.2.38,true
180,Stearn,Wintle,swintle4z@washington.edu,Male,249.86.232.175,false
181,Cloris,Knewstub,cknewstub50@nifty.com,Female,47.9.151.18,true
182,Bertina,Lythgoe,blythgoe51@domainmarket.com,Female,124.212.245.55,false
183,Kameko,Exroll,kexroll52@tinyurl.com,Female,189.227.244.206,true
184,Loralyn,Stivey,lstivey53@wikimedia.org,Female,161.195.252.136,false
185,Jefferey,Swannell,jswannell54@purevolume.com,Male,106.222.175.199,true
186,Fannie,Jacquest,fjacquest55@oaic.gov.au,Female,25.211.188.227,false
187,Aarika,Clethro,aclethro56@oracle.com,Female,50.232.36.106,true
188,Giselle,Leece,gleece57@google.fr,Female,223.226.123.136,false
189,Olin,Eslemont,oeslemont58@businesswire.com,Male,244.135.69.72,true
190,Cointon,Galier,cgalier59@trellian.com,Male,46.92.176.244,true
191,Raychel,Grangier,rgrangier5a@ibm.com,Female,192.23.98.85,false
192,Jobey,Chislett,jchislett5b@xrea.com,Female,49.28.92.157,true
193,Bernete,Shackleton,bshackleton5c@cnn.com,Female,8.189.188.46,true
194,Dawn,Grafhom,dgrafhom5d@sbwire.com,Female,86.157.194.18,false
195,Wenona,Key,wkey5e@dropbox.com,Female,90.188.15.36,true
196,Maybelle,Petch,mpetch5f@jigsy.com,Bigender,242.50.23.135,true
197,Orsa,Seers,oseers5g@discovery.com,Female,107.82.62.6,true
198,Cyb,Delamere,cdelamere5h@hatena.ne.jp,Female,66.117.169.204,false
199,Magdalene,Retchford,mretchford5i@yolasite.com,Female,244.106.157.54,false
200,Netti,Pye,npye5j@topsy.com,Female,239.237.200.223,true
201,Law,Meacher,lmeacher5k@shareasale.com,Male,167.165.250.189,false
202,Dorise,Foskett,dfoskett5l@dion.ne.jp,Female,217.249.7.57,true
203,Goddart,Sturley,gsturley5m@cargocollective.com,Male,214.127.245.121,true
204,Karine,Cholonin,kcholonin5n@qq.com,Female,226.117.20.186,false
205,Ailbert,Finci,afinci5o@wix.com,Male,229.26.179.65,true
206,Joaquin,Melato,jmelato5p@fda.gov,Male,217.244.6.229,false
207,Gilberta,Leney,gleney5q@weibo.com,Female,7.53.56.87,true
208,Mellie,Stradling,mstradling5r@xrea.com,Female,243.132.110.108,true
209,Yorker,Westhofer,ywesthofer5s@google.com.hk,Male,133.120.178.0,false
210,Zaria,Gateshill,zgateshill5t@biglobe.ne.jp,Female,105.19.118.27,true
211,Keene,McKenna,kmckenna5u@nymag.com,Male,42.30.241.120,true
212,Alisa,Feavers,afeavers5v@blogger.com,Genderfluid,110.36.64.120,true
213,Niles,Wrate,nwrate5w@twitter.com,Male,240.24.133.239,true
214,Darrelle,Martinetto,dmartinetto5x@constantcontact.com,Female,32.153.51.229,true
215,Michail,Emma,memma5y@dmoz.org,Male,111.211.77.118,false
216,Maitilde,Dresser,mdresser5z@imgur.com,Female,10.20.209.234,false
217,Humfried,Jerke,hjerke60@sun.com,Male,231.148.66.127,true
218,Pen,Licence,plicence61@i2i.jp,Female,193.76.196.137,true
219,Ralina,Bach,rbach62@sun.com,Female,92.146.61.220,true
220,Whitby,Smails,wsmails63@oakley.com,Male,221.137.171.254,true
221,Wesley,Turrell,wturrell64@mediafire.com,Male,94.252.112.220,true
222,Pier,Dincey,pdincey65@theatlantic.com,Female,61.180.176.0,true
223,Cully,Juniper,cjuniper66@wikimedia.org,Male,85.211.21.208,true
224,Ramon,Kienle,rkienle67@barnesandnoble.com,Male,155.68.68.13,true
225,Barney,Feldhuhn,bfeldhuhn68@netlog.com,Male,125.239.94.82,false
226,Daron,Vannikov,dvannikov69@sina.com.cn,Male,7.83.84.180,false
227,Hermy,Reucastle,hreucastle6a@redcross.org,Male,3.254.3.193,true
228,Veriee,Danton,vdanton6b@amazon.co.uk,Female,80.146.50.164,true
229,Hetti,Bellworthy,hbellworthy6c@163.com,Female,35.88.94.37,false
230,Mallorie,Peasee,mpeasee6d@live.com,Female,142.126.142.182,false
231,Valaria,Hasnney,vhasnney6e@printfriendly.com,Female,208.82.87.192,true
232,Nigel,Lowder,nlowder6f@dion.ne.jp,Male,164.64.12.222,true
233,Erroll,Jarnell,ejarnell6g@hatena.ne.jp,Male,29.249.158.113,true
234,Brnaba,Lutsch,blutsch6h@123-reg.co.uk,Male,129.156.76.151,false
235,Meridel,Weddell,mweddell6i@aboutads.info,Female,152.119.125.6,false
236,Willi,Breadon,wbreadon6j@people.com.cn,Male,147.189.66.96,true
237,Harriett,Milne,hmilne6k@sciencedaily.com,Female,203.82.73.89,true
238,Myrlene,Eve,meve6l@msn.com,Female,55.159.53.122,true
239,Gilburt,Hardman,ghardman6m@1und1.de,Male,74.245.226.171,false
240,Yuri,Lancetter,ylancetter6n@yahoo.com,Male,226.222.250.237,false
241,Magdalena,Castelluzzi,mcastelluzzi6o@reverbnation.com,Female,18.72.135.32,true
242,Maressa,Cullinane,mcullinane6p@mlb.com,Female,70.129.71.155,false
243,Rafferty,Westell,rwestell6q@ustream.tv,Male,28.97.116.146,true
244,Allard,Wetherald,awetherald6r@deliciousdays.com,Male,46.133.39.238,false
245,Sauveur,Barcke,sbarcke6s@so-net.ne.jp,Male,173.199.178.133,false
246,Kerry,Rathborne,krathborne6t@smh.com.au,Male,33.13.176.181,false
247,Gabby,McGirl,gmcgirl6u@marketwatch.com,Male,49.210.192.35,false
248,Eli,Filipczak,efilipczak6v@altervista.org,Male,4.149.126.159,false
249,Paquito,Hrinishin,phrinishin6w@telegraph.co.uk,Male,156.252.160.199,true
250,Ulises,Lars,ulars6x@google.ca,Male,125.154.47.50,false
251,Garth,Heimann,gheimann6y@blogspot.com,Agender,147.132.226.70,false
252,Devin,Boumphrey,dboumphrey6z@technorati.com,Female,164.112.90.6,true
253,Stephana,Midden,smidden70@timesonline.co.uk,Female,21.219.3.199,false
254,Forester,Marushak,fmarushak71@wikipedia.org,Male,4.42.104.185,true
255,Yoshiko,Lampitt,ylampitt72@amazon.co.jp,Female,221.246.211.193,true
256,Agace,Parradice,aparradice73@sbwire.com,Female,142.181.174.18,false
257,Tobey,Woollhead,twoollhead74@elpais.com,Female,158.15.171.188,false
258,Javier,Littefair,jlittefair75@naver.com,Male,3.165.239.190,false
259,Dukie,Isacke,disacke76@sina.com.cn,Male,247.168.133.227,true
260,Raleigh,Krolak,rkrolak77@microsoft.com,Male,73.75.190.164,false
261,Tomaso,Swayte,tswayte78@theglobeandmail.com,Male,20.51.157.255,true
262,Fowler,Auden,fauden79@hugedomains.com,Male,204.0.82.67,false
263,Mitchell,Townsley,mtownsley7a@globo.com,Male,38.151.182.133,false
264,Hilary,Roussel,hroussel7b@tinypic.com,Male,23.214.236.145,false
265,Kimmi,Smissen,ksmissen7c@globo.com,Female,101.34.93.90,true
266,Milka,Pollastro,mpollastro7d@cafepress.com,Female,118.120.207.244,false
267,Keven,Heaker,kheaker7e@1und1.de,Male,122.156.6.88,true
268,Alvan,Ferrone,aferrone7f@i2i.jp,Male,136.138.4.66,false
269,Annis,Tregian,atregian7g@squarespace.com,Female,158.111.145.187,true
270,Holli,Witcherley,hwitcherley7h@discuz.net,Female,127.81.207.165,true
271,Andres,Colin,acolin7i@netlog.com,Male,57.177.250.6,false
272,Jocko,Aaron,jaaron7j@technorati.com,Male,67.189.160.58,false
273,Penny,Gillingham,pgillingham7k@sciencedirect.com,Male,192.47.221.23,false
274,Maurise,Heck,mheck7l@vistaprint.com,Female,196.94.62.105,false
275,Loutitia,Giffard,lgiffard7m@paypal.com,Female,102.255.95.159,false
276,Veronica,Danelet,vdanelet7n@sina.com.cn,Genderfluid,254.147.33.79,true
277,Giuseppe,Daintry,gdaintry7o@sun.com,Male,29.182.48.80,false
278,Alexi,Braunter,abraunter7p@cnet.com,Female,181.152.112.15,false
279,Salvador,Benkhe,sbenkhe7q@about.com,Male,146.161.231.234,false
280,Bernette,Goldhill,bgoldhill7r@auda.org.au,Female,203.31.200.173,true
281,Edith,Gieves,egieves7s@harvard.edu,Female,234.106.92.255,false
282,Currie,Reburn,creburn7t@i2i.jp,Male,164.152.13.241,false
283,Ailee,Brewood,abrewood7u@msu.edu,Female,8.97.86.252,true
284,Tomkin,Egginton,tegginton7v@plala.or.jp,Male,248.119.114.171,true
285,Jerrie,Narup,jnarup7w@plala.or.jp,Genderfluid,71.115.98.143,false
286,Andrea,Chatenier,achatenier7x@taobao.com,Female,188.135.87.86,true
287,Jared,Geffe,jgeffe7y@mayoclinic.com,Male,63.202.66.189,false
288,Onfroi,Pacey,opacey7z@springer.com,Male,236.250.91.3,true
289,Tabby,Hof,thof80@delicious.com,Female,68.133.214.243,true
290,Rickie,Debold,rdebold81@ftc.gov,Female,224.170.113.36,true
291,Gabi,Ludlam,gludlam82@disqus.com,Non-binary,239.255.145.162,true
292,Donalt,Edyson,dedyson83@slideshare.net,Male,75.53.29.132,true
293,Franky,Eaglestone,feaglestone84@rakuten.co.jp,Genderfluid,49.126.163.238,true
294,Bryn,O'Gavin,bogavin85@shop-pro.jp,Female,252.213.54.194,false
295,Lauritz,Mayoh,lmayoh86@altervista.org,Male,200.27.15.59,false
296,Tommy,Kuhlen,tkuhlen87@ed.gov,Male,200.220.16.248,false
297,Maxi,Winspur,mwinspur88@cocolog-nifty.com,Female,151.143.82.230,true
298,Llywellyn,Tchaikovsky,ltchaikovsky89@alibaba.com,Agender,171.218.249.105,false
299,Augie,Schollar,aschollar8a@over-blog.com,Male,219.129.249.111,false
300,Elsa,Newson,enewson8b@blog.com,Female,48.166.198.81,false
301,Jacintha,Fiander,jfiander8c@si.edu,Female,103.63.68.18,false
302,Archie,Keuntje,akeuntje8d@flavors.me,Male,41.36.252.41,false
303,Dewain,Keilty,dkeilty8e@fotki.com,Male,113.141.154.175,false
304,Jessee,Keyhoe,jkeyhoe8f@soundcloud.com,Male,135.165.149.223,false
305,Jaquelin,Athersmith,jathersmith8g@youku.com,Female,82.236.40.39,true
306,Gilburt,Drury,gdrury8h@usnews.com,Male,65.249.184.194,false
307,Myron,Roseveare,mroseveare8i@howstuffworks.com,Male,244.35.150.61,true
308,Dannie,Rijkeseis,drijkeseis8j@walmart.com,Male,150.92.117.157,false
309,Merrie,Scay,mscay8k@columbia.edu,Female,123.217.58.201,false
310,Rafi,Fodden,rfodden8l@fc2.com,Male,89.145.221.239,false
311,Lexie,Belsher,lbelsher8m@auda.org.au,Female,39.247.54.253,false
312,Mozes,Ronnay,mronnay8n@eepurl.com,Male,75.89.67.73,false
313,Ardith,Traviss,atraviss8o@chicagotribune.com,Female,88.143.120.202,true
314,Edward,Kyle,ekyle8p@quantcast.com,Male,7.8.0.95,false
315,Roosevelt,Tree,rtree8q@unc.edu,Male,121.167.25.62,true
316,Kassandra,Chapier,kchapier8r@microsoft.com,Female,27.75.194.172,true
317,Hetty,Sunock,hsunock8s@archive.org,Polygender,20.131.3.210,false
318,Elmo,Mazonowicz,emazonowicz8t@twitpic.com,Male,115.105.243.26,false
319,Cristian,Eason,ceason8u@hc360.com,Genderfluid,132.81.70.102,true
320,Ailina,Rubinowicz,arubinowicz8v@qq.com,Female,93.15.15.138,false
321,Nert,Armell,narmell8w@purevolume.com,Female,7.1.196.177,false
322,Hurlee,McLaughlan,hmclaughlan8x@oakley.com,Non-binary,247.1.8.151,true
323,Esteban,Nani,enani8y@twitpic.com,Male,141.90.23.102,false
324,Gavan,Howorth,ghoworth8z@qq.com,Male,178.72.109.138,true
325,Walker,Ollis,wollis90@nytimes.com,Male,192.209.7.227,false
326,Warner,Gligorijevic,wgligorijevic91@adobe.com,Male,221.143.146.141,false
327,Bert,Hingeley,bhingeley92@europa.eu,Female,34.208.41.188,true
328,Dalston,McGorley,dmcgorley93@reference.com,Male,249.244.218.112,false
329,Tallie,McGarva,tmcgarva94@si.edu,Male,118.80.60.32,false
330,Tersina,Piffe,tpiffe95@oaic.gov.au,Female,195.169.205.35,false
331,Justino,Feechan,jfeechan96@imdb.com,Male,90.22.128.157,false
332,Donny,Dannehl,ddannehl97@example.com,Male,25.80.69.106,true
333,Galvan,Greenier,ggreenier98@godaddy.com,Male,38.32.116.103,false
334,Munmro,Baly,mbaly99@marketwatch.com,Male,129.105.192.113,true
335,Garvin,M'Quharg,gmquharg9a@google.co.uk,Male,186.102.158.54,true
336,Dennis,Hearnden,dhearnden9b@jigsy.com,Male,179.67.231.152,true
337,Friedrich,Osbourn,fosbourn9c@hubpages.com,Male,213.60.55.131,false
338,Tomasina,Clavering,tclavering9d@dmoz.org,Female,209.169.193.207,true
339,Sherwin,Haddacks,shaddacks9e@loc.gov,Male,248.45.232.217,false
340,Zebulon,Yarmouth,zyarmouth9f@europa.eu,Male,32.44.74.19,false
341,Elke,Backman,ebackman9g@symantec.com,Female,169.160.27.193,true
342,Shea,Cymper,scymper9h@lycos.com,Female,157.64.23.3,false
343,Evelin,Ashpital,eashpital9i@thetimes.co.uk,Male,218.55.67.198,false
344,Marcia,Grange,mgrange9j@reuters.com,Female,55.68.244.251,true
345,Anny,Leverette,aleverette9k@360.cn,Female,67.157.208.165,false
346,Land,Cluney,lcluney9l@thetimes.co.uk,Genderfluid,29.249.31.253,true
347,Zolly,Minter,zminter9m@kickstarter.com,Male,143.33.140.111,true
348,Roley,Godball,rgodball9n@freewebs.com,Male,7.103.175.94,false
349,Rod,Joutapavicius,rjoutapavicius9o@netscape.com,Genderfluid,191.180.59.94,false
350,Jocko,Haddrell,jhaddrell9p@census.gov,Male,255.164.54.52,true
351,Kial,Staries,kstaries9q@wikipedia.org,Female,100.20.78.242,false
352,Willdon,Vinden,wvinden9r@omniture.com,Male,52.136.231.129,true
353,Willi,Colaton,wcolaton9s@ucoz.ru,Female,48.184.50.197,false
354,Dyanne,Caldes,dcaldes9t@washington.edu,Female,71.64.235.108,false
355,Rees,Forsaith,rforsaith9u@hhs.gov,Male,129.93.29.242,true
356,Vaughan,Kipling,vkipling9v@sciencedirect.com,Male,143.136.187.210,false
357,Wernher,Farrant,wfarrant9w@ebay.com,Male,158.190.146.64,true
358,Orelie,Sackey,osackey9x@unicef.org,Female,36.190.19.65,false
359,Kania,Iskowicz,kiskowicz9y@accuweather.com,Female,229.26.2.71,true
360,Tiffi,Brumpton,tbrumpton9z@51.la,Female,214.34.27.29,true
361,Shadow,Statton,sstattona0@auda.org.au,Male,78.171.101.133,false
362,Ariela,Steuhlmeyer,asteuhlmeyera1@cnn.com,Female,219.181.158.115,false
363,Sallyanne,Atty,sattya2@gmpg.org,Female,191.85.61.119,true
364,Rutter,Marqyes,rmarqyesa3@lycos.com,Male,29.102.18.237,true
365,Dareen,Keelan,dkeelana4@vinaora.com,Genderfluid,83.151.252.101,false
366,Fabe,Myers,fmyersa5@noaa.gov,Male,1.208.159.243,true
367,Mason,Francino,mfrancinoa6@china.com.cn,Male,123.244.245.13,false
368,Jen,Dwight,jdwighta7@xrea.com,Genderfluid,187.173.32.54,false
369,Susy,Hindsberg,shindsberga8@wordpress.org,Genderfluid,247.113.27.180,false
370,Olga,Cathrae,ocathraea9@sciencedaily.com,Female,15.37.43.134,false
371,Wayne,Crumbie,wcrumbieaa@deviantart.com,Male,139.76.237.26,false
372,Hobie,Coat,hcoatab@buzzfeed.com,Agender,180.134.254.180,false
373,Vivie,Lapworth,vlapworthac@rakuten.co.jp,Female,128.201.163.52,false
374,Claudette,Apdell,capdellad@wikipedia.org,Female,191.34.192.234,true
375,Cyrill,Gowdridge,cgowdridgeae@t.co,Male,93.47.214.231,false
376,Arturo,Andrioli,aandrioliaf@phpbb.com,Male,175.204.35.217,true
377,Lauralee,McCallion,lmccallionag@wordpress.org,Female,37.238.1.171,true
378,Craig,Patman,cpatmanah@dion.ne.jp,Male,84.236.254.127,true
379,Brett,Dulwitch,bdulwitchai@homestead.com,Female,247.157.40.50,true
380,Andras,Roncelli,aroncelliaj@friendfeed.com,Male,54.92.16.224,false
381,Addy,Tattam,atattamak@pcworld.com,Male,138.99.36.186,true
382,Sig,Tick,stickal@twitter.com,Male,255.54.111.22,true
383,Billy,Sanzio,bsanzioam@goo.gl,Female,60.15.5.51,true
384,Cori,Ruthven,cruthvenan@buzzfeed.com,Polygender,228.36.108.153,true
385,Casper,Algate,calgateao@illinois.edu,Male,253.108.80.204,false
386,Felicia,Ellif,fellifap@vimeo.com,Female,188.102.132.247,false
387,Thurstan,Mayte,tmayteaq@wordpress.org,Male,93.90.46.118,true
388,Bartholomeus,Johnson,bjohnsonar@timesonline.co.uk,Male,251.149.67.223,false
389,Gerry,Lennie,glennieas@sfgate.com,Non-binary,187.188.97.0,false
390,Ashely,Stote,astoteat@ezinearticles.com,Female,152.198.155.210,false
391,Bunni,Nossent,bnossentau@jalbum.net,Female,252.80.60.106,false
392,Corella,Habbema,chabbemaav@home.pl,Female,221.210.245.60,false
393,Jelene,Ygo,jygoaw@hugedomains.com,Female,188.25.187.136,true
394,Octavius,Northall,onorthallax@google.co.uk,Male,121.129.193.187,false
395,Charmain,Kulis,ckulisay@miibeian.gov.cn,Female,130.43.96.2,false
396,Lanie,Harberer,lharbereraz@irs.gov,Male,136.140.98.201,false
397,Feodora,Thain,fthainb0@ucoz.ru,Female,249.15.180.38,false
398,Reider,Haddock,rhaddockb1@live.com,Male,56.68.53.32,false
399,Barth,Whipple,bwhippleb2@mozilla.com,Male,106.209.183.16,false
400,Kellyann,Labbey,klabbeyb3@independent.co.uk,Female,103.218.92.4,false
401,Benoite,Cobain,bcobainb4@geocities.com,Female,158.57.29.131,true
402,Coop,Danielis,cdanielisb5@gravatar.com,Male,105.50.136.6,true
403,Jasen,Vickers,jvickersb6@mail.ru,Male,113.163.127.176,false
404,Napoleon,MacNab,nmacnabb7@arstechnica.com,Male,244.81.210.200,true
405,Ryley,Westlake,rwestlakeb8@cornell.edu,Male,122.23.0.6,true
406,Dick,Matelaitis,dmatelaitisb9@dion.ne.jp,Male,73.98.140.186,false
407,Dougy,Bartholat,dbartholatba@indiegogo.com,Male,140.25.182.221,false
408,Riordan,McIlwain,rmcilwainbb@ycombinator.com,Male,155.41.31.200,false
409,Ciro,Daton,cdatonbc@virginia.edu,Male,0.154.33.203,false
410,Angie,Gilroy,agilroybd@wired.com,Male,103.69.174.223,true
411,Nicolas,Patkin,npatkinbe@privacy.gov.au,Male,100.234.232.58,true
412,Giovanni,Glinde,gglindebf@multiply.com,Male,36.239.218.19,false
413,Olva,Carman,ocarmanbg@soundcloud.com,Female,118.138.87.34,false
414,Brittne,Fitzsimmons,bfitzsimmonsbh@time.com,Agender,161.45.156.226,false
415,Quinta,Bewley,qbewleybi@comcast.net,Female,66.161.183.233,true
416,Kristian,Kock,kkockbj@storify.com,Male,253.35.11.121,false
417,Luther,Feuell,lfeuellbk@sitemeter.com,Male,206.177.193.177,true
418,Wit,Coundley,wcoundleybl@exblog.jp,Male,206.49.166.29,true
419,Alexio,Arnell,aarnellbm@com.com,Genderqueer,126.80.11.130,true
420,Sheridan,Bugden,sbugdenbn@so-net.ne.jp,Male,225.34.83.107,true
421,Tore,Toth,ttothbo@unicef.org,Male,139.129.249.171,false
422,Stanfield,Lawry,slawrybp@businesswire.com,Genderfluid,61.139.176.208,true
423,Jarrett,Ridder,jridderbq@theguardian.com,Male,49.124.136.86,true
424,Issy,Sterke,isterkebr@liveinternet.ru,Female,24.247.124.219,true
425,Emeline,Ladd,eladdbs@uol.com.br,Female,127.76.218.60,false
426,Annabel,Painter,apainterbt@netlog.com,Female,79.101.158.155,true
427,Sibel,Jouning,sjouningbu@indiatimes.com,Female,254.234.245.230,false
428,Walt,Giacomelli,wgiacomellibv@bloomberg.com,Male,94.152.182.223,true
429,Alene,Benda,abendabw@walmart.com,Female,249.194.150.80,false
430,Marysa,Rubie,mrubiebx@wordpress.com,Female,233.224.212.1,false
431,D'arcy,Andryszczak,dandryszczakby@dailymotion.com,Male,176.228.221.163,false
432,Ilyse,Brindle,ibrindlebz@kickstarter.com,Female,171.170.190.207,false
433,Anjanette,Starzaker,astarzakerc0@ameblo.jp,Female,50.17.36.108,true
434,Hunter,Headingham,hheadinghamc1@technorati.com,Male,111.21.198.99,false
435,Dolley,Biaggioni,dbiaggionic2@homestead.com,Female,194.79.92.224,false
436,Claudine,Coast,ccoastc3@shop-pro.jp,Female,8.194.115.193,false
437,Hanni,Clyde,hclydec4@cargocollective.com,Female,134.164.62.11,true
438,Remus,Husbands,rhusbandsc5@skyrock.com,Male,238.207.145.28,true
439,Lay,Van Velden,lvanveldenc6@ft.com,Polygender,248.23.255.3,false
440,Knox,Kinlock,kkinlockc7@icq.com,Male,195.146.213.243,true
441,Antonia,Jerrard,ajerrardc8@mlb.com,Female,240.24.182.246,true
442,Jennifer,Phillipson,jphillipsonc9@ed.gov,Female,233.89.6.123,false
443,Fons,McMarquis,fmcmarquisca@vistaprint.com,Male,70.11.98.139,true
444,Rowney,Izhakov,rizhakovcb@weibo.com,Male,70.147.61.137,false
445,Mikol,Snashall,msnashallcc@businesswire.com,Male,58.178.200.255,true
446,Marietta,Annesley,mannesleycd@sbwire.com,Male,223.208.6.17,false
447,Aldrich,Daber,adaberce@alibaba.com,Male,165.236.166.139,false
448,Lindi,Haggish,lhaggishcf@ed.gov,Female,200.168.141.36,false
449,Maurita,Bouts,mboutscg@nbcnews.com,Female,247.21.206.5,true
450,Hermia,Segge,hseggech@list-manage.com,Female,214.81.139.37,true
451,Elliott,Gruszczak,egruszczakci@accuweather.com,Male,217.226.5.69,true
452,Shana,Ower,sowercj@joomla.org,Female,205.112.207.32,false
453,Sven,Votier,svotierck@huffingtonpost.com,Male,15.250.4.9,false
454,Anderea,Durham,adurhamcl@marketwatch.com,Female,11.40.247.78,false
455,Nadine,Ogdahl,nogdahlcm@comcast.net,Female,144.135.37.98,false
456,Hilton,Janton,hjantoncn@bbc.co.uk,Male,108.6.186.47,true
457,Onofredo,Kolodziejski,okolodziejskico@dyndns.org,Male,109.255.134.171,true
458,Craggie,Tassell,ctassellcp@exblog.jp,Male,234.0.149.181,false
459,Farrel,Norgan,fnorgancq@wired.com,Polygender,32.223.175.56,true
460,Rochester,Scrane,rscranecr@squidoo.com,Male,72.8.137.122,false
461,Irvin,Shilladay,ishilladaycs@paypal.com,Polygender,222.57.126.159,false
462,Eveline,Kauschke,ekauschkect@dyndns.org,Female,71.112.233.230,false
463,Berkeley,Stripling,bstriplingcu@usgs.gov,Male,62.76.68.180,true
464,Catlaina,Shippard,cshippardcv@desdev.cn,Female,155.165.4.232,true
465,Urson,Chucks,uchuckscw@usatoday.com,Male,80.105.198.44,false
466,Les,Aldrich,laldrichcx@mysql.com,Male,128.253.4.92,true
467,Shurlock,Cisson,scissoncy@lycos.com,Male,13.15.44.171,true
468,Shir,Weymouth,sweymouthcz@nhs.uk,Female,157.151.170.26,true
469,Georgena,Aasaf,gaasafd0@ask.com,Female,96.185.241.29,true
470,Vera,Omrod,vomrodd1@uol.com.br,Female,247.203.48.253,true
471,Justus,Tortoishell,jtortoishelld2@fema.gov,Male,160.8.164.171,false
472,Herculie,Kerins,hkerinsd3@fema.gov,Male,27.228.25.72,true
473,Vinnie,Clover,vcloverd4@meetup.com,Male,8.216.43.107,true
474,Casar,Pfiffer,cpfifferd5@is.gd,Male,113.61.92.88,true
475,Tawnya,Jotham,tjothamd6@whitehouse.gov,Female,224.63.46.99,false
476,Julissa,Gartin,jgartind7@wp.com,Female,212.212.216.78,true
477,Bertrando,Dumini,bduminid8@mozilla.com,Male,14.159.74.24,false
478,Dana,Dwelley,ddwelleyd9@stumbleupon.com,Female,69.30.238.147,true
479,Virge,Batey,vbateyda@cnbc.com,Non-binary,91.157.240.65,false
480,Murry,Callard,mcallarddb@deliciousdays.com,Male,67.225.153.179,true
481,Joelynn,Shiel,jshieldc@ted.com,Female,173.87.86.125,false
482,Georgette,Buttery,gbutterydd@lulu.com,Female,244.100.221.152,true
483,Nydia,Ganforthe,nganforthede@cafepress.com,Female,141.19.253.77,false
484,Darice,Cookes,dcookesdf@a8.net,Female,237.109.146.207,false
485,Madelena,Albasini,malbasinidg@google.cn,Polygender,188.137.72.35,true
486,Bonnibelle,Records,brecordsdh@toplist.cz,Female,85.39.2.197,true
487,Gustavus,Alessandrelli,galessandrellidi@loc.gov,Male,135.124.238.193,true
488,Noella,Belson,nbelsondj@dailymail.co.uk,Female,65.46.22.115,false
489,Bobbie,Di Dello,bdidellodk@amazon.com,Female,78.154.49.136,false
490,Dal,De Hooch,ddehoochdl@discovery.com,Male,40.144.229.34,true
491,Hewie,Brightey,hbrighteydm@usda.gov,Male,236.21.144.43,true
492,Camey,Eckersall,ceckersalldn@netlog.com,Male,167.104.67.217,false
493,Tedman,MacDiarmond,tmacdiarmonddo@jiathis.com,Male,31.36.21.210,true
494,Kingston,Bates,kbatesdp@jiathis.com,Male,43.230.134.250,false
495,Gweneth,Kittle,gkittledq@slate.com,Female,11.238.12.70,false
496,Hilda,Wignall,hwignalldr@multiply.com,Bigender,156.25.138.123,true
497,Marcello,Thynne,mthynneds@surveymonkey.com,Male,6.226.216.204,true
498,Barny,Rehm,brehmdt@noaa.gov,Male,94.130.111.11,true
499,Terri-jo,Langer,tlangerdu@uol.com.br,Female,107.204.159.242,true
500,Hesther,Athersmith,hathersmithdv@msu.edu,Female,177.181.165.14,false
501,Gasparo,Marshal,gmarshaldw@epa.gov,Male,36.219.87.208,false
502,Mort,Skippings,mskippingsdx@flavors.me,Male,236.241.79.189,false
503,Brittney,Rigeby,brigebydy@hc360.com,Female,228.149.24.238,false
504,Will,Ilchenko,wilchenkodz@prlog.org,Agender,229.123.15.184,false
505,Nadeen,Carlyon,ncarlyone0@miibeian.gov.cn,Female,188.191.172.58,false
506,Elsy,Gavan,egavane1@reuters.com,Female,132.225.68.161,true
507,Udall,Maingot,umaingote2@deliciousdays.com,Male,115.170.71.22,true
508,Zea,Clewett,zclewette3@wiley.com,Female,230.78.102.114,true
509,Gifford,Ashbridge,gashbridgee4@chronoengine.com,Male,188.179.145.35,false
510,Adrianna,Starton,astartone5@livejournal.com,Female,212.125.135.55,true
511,Ashien,Unsworth,aunsworthe6@amazon.com,Female,231.232.34.24,true
512,Sauncho,Elcox,selcoxe7@umich.edu,Male,80.223.99.186,false
513,Laurella,Oliphand,loliphande8@discuz.net,Female,147.162.233.95,true
514,Archambault,Brendel,abrendele9@bizjournals.com,Male,250.187.173.23,true
515,Lenore,Skully,lskullyea@woothemes.com,Female,117.169.168.26,false
516,Georgie,Duligall,gduligalleb@umich.edu,Male,163.223.6.63,false
517,Christos,Piggrem,cpiggremec@go.com,Male,149.48.247.99,true
518,Flory,Huggill,fhuggilled@e-recht24.de,Male,38.132.136.125,false
519,Rochella,Busk,rbuskee@sina.com.cn,Female,65.41.174.3,false
520,Cindi,Telling,ctellingef@ebay.com,Female,105.26.35.189,true
521,Buckie,Scotchforth,bscotchfortheg@parallels.com,Male,43.207.68.140,false
522,Lodovico,Brummitt,lbrummitteh@microsoft.com,Male,161.199.102.64,false
523,Inna,Pollak,ipollakei@mit.edu,Female,77.60.16.159,true
524,Jerri,Ingon,jingonej@usatoday.com,Male,129.46.237.45,true
525,Orbadiah,Knutsen,oknutsenek@princeton.edu,Male,152.87.73.109,false
526,Grantham,Willbraham,gwillbrahamel@yandex.ru,Male,177.160.95.219,true
527,Sherwin,Casse,scasseem@bizjournals.com,Male,112.26.150.164,false
528,Filmore,Swanne,fswanneen@gravatar.com,Male,71.51.4.245,false
529,Marv,Harmour,mharmoureo@eepurl.com,Bigender,88.133.136.20,false
530,Lincoln,Menguy,lmenguyep@jiathis.com,Male,195.64.82.7,true
531,Deeyn,Bukowski,dbukowskieq@ibm.com,Female,125.41.227.141,false
532,Etan,Mordin,emordiner@elegantthemes.com,Male,212.252.19.147,true
533,Sander,Clappson,sclappsones@jalbum.net,Male,177.0.90.191,true
534,Shannah,Boden,sbodenet@jigsy.com,Female,47.21.225.37,false
535,Wit,Coyle,wcoyleeu@comsenz.com,Male,146.46.8.191,true
536,Philippe,Blaschek,pblaschekev@360.cn,Female,123.67.220.154,true
537,Adore,Locks,alocksew@qq.com,Female,43.33.89.233,false
538,Wendye,Howe,whoweex@i2i.jp,Female,15.33.158.22,true
539,Agosto,Lazer,alazerey@blogspot.com,Male,89.249.222.83,true
540,Sheffy,Fernyhough,sfernyhoughez@jalbum.net,Male,79.65.153.75,false
541,Lewie,Bienvenu,lbienvenuf0@blogger.com,Male,162.77.188.65,false
542,Darla,Bolsover,dbolsoverf1@admin.ch,Female,22.80.175.110,true
543,Aubrette,Caitlin,acaitlinf2@ebay.com,Female,115.83.250.111,true
544,Flossi,Vinecombe,fvinecombef3@tmall.com,Female,5.58.218.100,true
545,Glenine,Tuma,gtumaf4@liveinternet.ru,Female,211.117.164.205,true
546,Siusan,Knifton,skniftonf5@163.com,Genderfluid,157.25.54.235,false
547,Theodora,Wotton,twottonf6@acquirethisname.com,Female,241.116.150.66,false
548,Caitlin,Clearie,cclearief7@linkedin.com,Female,119.57.174.186,true
549,Shaw,Theodoris,stheodorisf8@google.de,Male,161.144.42.166,false
550,Fredrick,Keme,fkemef9@whitehouse.gov,Male,219.111.139.84,false
551,Rutger,Penswick,rpenswickfa@businessweek.com,Male,116.4.219.159,false
552,Irv,Johns,ijohnsfb@google.de,Male,170.134.59.39,true
553,Gilberta,De Banke,gdebankefc@wikispaces.com,Genderqueer,117.203.250.199,true
554,Sherman,Davet,sdavetfd@ebay.co.uk,Male,11.76.54.103,false
555,Rosanna,MacAiline,rmacailinefe@skype.com,Female,156.56.144.62,false
556,Nikola,Pietrasik,npietrasikff@redcross.org,Agender,180.76.141.7,true
557,Saunder,Grollmann,sgrollmannfg@yahoo.co.jp,Male,213.238.44.157,true
558,Michell,Bartrop,mbartropfh@sourceforge.net,Female,164.174.145.197,true
559,Danny,Le Claire,dleclairefi@csmonitor.com,Male,80.30.119.228,true
560,Blondy,Stickley,bstickleyfj@yellowpages.com,Female,42.235.235.177,true
561,Gifford,Tavner,gtavnerfk@apple.com,Male,228.31.182.17,false
562,Ike,Dominy,idominyfl@1und1.de,Male,202.16.223.205,false
563,Dodi,Hasell,dhasellfm@symantec.com,Female,202.153.106.207,false
564,Barri,Doonican,bdoonicanfn@newyorker.com,Male,23.174.214.13,false
565,Kimberly,Hubbert,khubbertfo@time.com,Female,235.235.106.196,false
566,Wesley,Caunt,wcauntfp@wix.com,Male,89.6.183.112,false
567,Charlton,Pollard,cpollardfq@wix.com,Male,159.106.52.120,true
568,Elnora,Dunston,edunstonfr@intel.com,Genderqueer,182.71.243.44,true
569,Thurstan,Lott,tlottfs@time.com,Male,91.224.138.183,true
570,Cristi,Suston,csustonft@jigsy.com,Female,196.93.64.41,true
571,Zachariah,Domenichini,zdomenichinifu@baidu.com,Male,157.232.29.69,true
572,Taite,Padgham,tpadghamfv@qq.com,Genderfluid,79.63.227.68,true
573,Jourdain,Littlemore,jlittlemorefw@ox.ac.uk,Male,197.167.41.248,false
574,Ellie,Wong,ewongfx@nyu.edu,Female,234.164.144.220,true
575,Sterling,Edlin,sedlinfy@baidu.com,Male,191.212.58.63,false
576,Sterne,Nightingale,snightingalefz@ibm.com,Male,23.49.16.40,false
577,Rickie,O'Mullally,romullallyg0@issuu.com,Male,145.239.85.185,true
578,Selie,Firmin,sfirming1@engadget.com,Female,246.88.51.8,true
579,Alaric,Huby,ahubyg2@ning.com,Male,89.67.16.97,false
580,Ricky,Eicheler,reichelerg3@list-manage.com,Female,150.80.228.55,false
581,Ernie,O'Heagertie,eoheagertieg4@cpanel.net,Male,148.40.199.108,true
582,Jaye,Aggas,jaggasg5@freewebs.com,Male,4.252.95.50,true
583,Jamison,Catenot,jcatenotg6@wikispaces.com,Male,81.173.212.235,true
584,Alf,Cossam,acossamg7@tripadvisor.com,Male,158.103.21.87,true
585,Wylma,Bellwood,wbellwoodg8@sfgate.com,Female,28.85.211.173,false
586,Casper,Klosterman,cklostermang9@fotki.com,Male,244.105.117.209,true
587,Helge,Boutellier,hboutellierga@fda.gov,Female,3.26.82.181,true
588,Marlane,Pimlett,mpimlettgb@sciencedirect.com,Female,18.244.81.44,true
589,Eldredge,MacAirt,emacairtgc@hexun.com,Male,253.2.59.156,false
590,Vivian,Scutts,vscuttsgd@live.com,Female,143.18.226.240,false
591,Dallas,Haslen,dhaslenge@drupal.org,Male,243.233.111.253,true
592,Reine,Paske,rpaskegf@hc360.com,Female,252.135.55.210,false
593,Reggie,Pyffe,rpyffegg@elpais.com,Female,192.38.76.89,false
594,Minor,Benettolo,mbenettologh@omniture.com,Male,44.174.17.69,true
595,Orion,Crace,ocracegi@angelfire.com,Bigender,231.18.101.79,true
596,Dill,Sommerland,dsommerlandgj@youtube.com,Male,125.104.160.166,false
597,Doro,Crumb,dcrumbgk@domainmarket.com,Female,45.5.110.132,true
598,Justin,Wickett,jwickettgl@icio.us,Male,3.45.7.231,false
599,Oralle,Jirik,ojirikgm@engadget.com,Female,91.15.10.189,false
600,Duff,Pinckstone,dpinckstonegn@vimeo.com,Male,210.35.211.233,false
601,Onfre,Maycock,omaycockgo@about.me,Male,68.119.174.0,true
602,Noemi,McLafferty,nmclaffertygp@zdnet.com,Female,111.63.128.145,false
603,Bastien,McLoney,bmcloneygq@cbsnews.com,Male,87.55.230.117,true
604,Ruddy,Broggetti,rbroggettigr@army.mil,Male,207.140.225.237,false
605,Merlina,Hudspith,mhudspithgs@facebook.com,Female,6.77.162.167,false
606,Michaelina,Parsisson,mparsissongt@dropbox.com,Female,212.33.79.107,false
607,Diego,Gamlin,dgamlingu@dyndns.org,Male,129.109.159.63,true
608,Marv,Toomey,mtoomeygv@i2i.jp,Male,214.190.31.208,false
609,Chrissie,Harkness,charknessgw@wikispaces.com,Female,249.145.166.107,true
610,Bar,Titterell,btitterellgx@va.gov,Male,111.8.134.57,true
611,Didi,Burchess,dburchessgy@cbsnews.com,Agender,1.99.124.147,true
612,Aldridge,Younie,ayouniegz@tripod.com,Male,179.232.232.202,false
613,Zelda,Vize,zvizeh0@dropbox.com,Female,113.0.168.226,true
614,Cal,Kundert,ckunderth1@google.it,Male,224.198.97.191,false
615,Edouard,Dymocke,edymockeh2@photobucket.com,Male,85.82.95.56,false
616,Washington,Wheeler,wwheelerh3@woothemes.com,Male,70.106.99.247,true
617,Alanah,Picknett,apicknetth4@sciencedaily.com,Female,140.17.203.17,true
618,Delilah,Blaschek,dblaschekh5@phpbb.com,Female,105.99.126.145,false
619,Terencio,Cherryman,tcherrymanh6@com.com,Male,129.144.79.155,false
620,Dell,Philpin,dphilpinh7@sina.com.cn,Male,190.24.199.218,false
621,Odie,Tolland,otollandh8@wp.com,Male,47.235.106.24,false
622,Myrta,Beven,mbevenh9@tinypic.com,Female,106.167.25.134,true
623,Casar,Baumber,cbaumberha@arstechnica.com,Male,172.67.95.255,false
624,Damon,Blakeway,dblakewayhb@unicef.org,Male,75.10.110.218,true
625,Billi,Cuolahan,bcuolahanhc@trellian.com,Female,12.82.189.236,true
626,Tuesday,Shedd,tsheddhd@squarespace.com,Female,119.124.41.128,true
627,Judah,Mandal,jmandalhe@indiegogo.com,Male,24.52.229.106,true
628,Whitaker,Yakutin,wyakutinhf@washington.edu,Non-binary,16.124.44.243,true
629,Maribeth,Bollon,mbollonhg@ucoz.com,Female,58.100.22.69,false
630,Rozanna,Valadez,rvaladezhh@ycombinator.com,Female,104.130.203.11,true
631,Hanan,Lowle,hlowlehi@nba.com,Male,92.250.246.12,true
632,Dell,Pebworth,dpebworthhj@gizmodo.com,Female,104.61.197.165,false
633,Korrie,Hoggetts,khoggettshk@arstechnica.com,Female,227.154.62.137,false
634,Lesley,Jatczak,ljatczakhl@noaa.gov,Male,229.41.215.62,true
635,Myrlene,De Paoli,mdepaolihm@gmpg.org,Female,5.227.241.26,false
636,Carley,Sudworth,csudworthhn@dyndns.org,Female,220.44.116.38,true
637,Karl,Le Huquet,klehuquetho@twitter.com,Male,148.8.3.31,false
638,Drucie,Palfrie,dpalfriehp@senate.gov,Female,86.129.212.93,false
639,Colman,Coupland,ccouplandhq@geocities.jp,Male,120.123.193.255,true
640,Jilli,Tuhy,jtuhyhr@cdc.gov,Female,45.195.98.158,true
641,Dora,Janc,djanchs@spotify.com,Female,91.187.204.106,true
642,Carny,Charte,ccharteht@forbes.com,Male,68.141.183.28,true
643,Simon,Lightning,slightninghu@usatoday.com,Male,139.211.156.206,false
644,Margaret,MacNeachtain,mmacneachtainhv@dailymail.co.uk,Female,134.61.104.22,true
645,Isahella,Davidovitch,idavidovitchhw@delicious.com,Female,49.234.212.92,false
646,Datha,Woodyear,dwoodyearhx@msn.com,Female,110.204.229.65,true
647,Geoffrey,Byard,gbyardhy@senate.gov,Male,100.133.98.179,true
648,Murvyn,Harrald,mharraldhz@canalblog.com,Male,240.45.27.53,false
649,Vidovic,Wagstaff,vwagstaffi0@hubpages.com,Male,161.205.85.152,true
650,Roxie,Lahive,rlahivei1@pcworld.com,Female,64.103.22.167,true
651,Alyosha,MacCrann,amaccranni2@yandex.ru,Male,212.167.29.102,true
652,Christos,Mebius,cmebiusi3@sitemeter.com,Male,103.225.105.64,true
653,Roxi,Odams,rodamsi4@ft.com,Female,11.80.89.40,true
654,Marcellus,Huckfield,mhuckfieldi5@omniture.com,Male,133.109.44.75,true
655,Wendy,Pieracci,wpieraccii6@boston.com,Female,187.23.227.11,false
656,Derwin,Biffen,dbiffeni7@nature.com,Male,65.60.218.40,true
657,Ashely,Sedgeworth,asedgeworthi8@dagondesign.com,Female,34.143.196.191,false
658,Coriss,Boxhall,cboxhalli9@booking.com,Female,159.19.69.153,true
659,Petronia,Chainey,pchaineyia@newsvine.com,Female,33.92.83.96,true
660,Lucine,Wrathmell,lwrathmellib@walmart.com,Female,44.158.156.5,true
661,Willyt,Ferrillio,wferrillioic@spiegel.de,Female,146.177.189.36,true
662,Emelia,Petrolli,epetrolliid@about.me,Female,248.187.48.28,true
663,Virge,Knell,vknellie@feedburner.com,Non-binary,137.12.166.72,true
664,Ninette,Riddett,nriddettif@github.io,Female,147.146.110.161,true
665,Harvey,Twatt,htwattig@amazonaws.com,Male,178.216.135.204,true
666,Lebbie,Lifton,lliftonih@live.com,Female,2.168.127.248,false
667,Alisha,Deviney,adevineyii@japanpost.jp,Female,13.94.139.178,false
668,Sharia,McPhillimey,smcphillimeyij@omniture.com,Female,167.209.191.123,true
669,Sonnie,Greenlees,sgreenleesik@hostgator.com,Female,117.83.167.140,true
670,Alica,Probert,aprobertil@yale.edu,Female,108.75.29.53,false
671,Edik,Vanin,evaninim@narod.ru,Male,221.238.23.23,false
672,Robby,McRannell,rmcrannellin@columbia.edu,Female,225.177.50.75,false
673,Carmelia,Messiter,cmessiterio@facebook.com,Female,15.35.157.169,false
674,Niall,Hazelgrove,nhazelgroveip@aol.com,Male,38.4.51.170,true
675,Elianora,O'Gorman,eogormaniq@marketwatch.com,Female,188.144.154.107,false
676,Ilysa,Tabor,itaborir@bloglines.com,Female,89.120.64.85,true
677,Doy,Ellcome,dellcomeis@msu.edu,Male,227.3.75.42,false
678,Karine,Bolwell,kbolwellit@ebay.com,Female,96.115.62.81,true
679,Chiquita,Matelaitis,cmatelaitisiu@csmonitor.com,Female,148.219.170.92,false
680,Kitti,Duffy,kduffyiv@wiley.com,Female,128.84.223.145,false
681,Kristy,Beeres,kbeeresiw@cyberchimps.com,Female,129.40.35.239,false
682,Burke,Brogini,bbroginiix@meetup.com,Male,238.43.113.136,false
683,Lawry,Inchan,linchaniy@answers.com,Male,109.108.218.5,true
684,Francklyn,Muller,fmulleriz@360.cn,Male,130.42.102.156,true
685,Gris,Gartan,ggartanj0@plala.or.jp,Male,101.30.156.156,false
686,Huntlee,Hards,hhardsj1@amazon.de,Male,48.186.71.183,true
687,Aurelea,Doll,adollj2@goo.gl,Female,23.130.11.149,true
688,Camila,Ewen,cewenj3@uiuc.edu,Female,160.188.40.109,true
689,Mathilda,Davidov,mdavidovj4@spiegel.de,Female,55.19.139.183,false
690,Flossi,Mankor,fmankorj5@miitbeian.gov.cn,Female,50.50.214.100,false
691,Yance,Shivlin,yshivlinj6@whitehouse.gov,Male,219.225.8.99,true
692,Tierney,Claibourn,tclaibournj7@github.io,Agender,141.31.180.192,false
693,Dominick,Ballance,dballancej8@google.de,Male,44.210.88.194,false
694,Elysee,Paulo,epauloj9@unicef.org,Female,161.23.37.81,true
695,Rosanne,Broadhead,rbroadheadja@intel.com,Female,106.149.153.106,true
696,Silvain,Coonan,scoonanjb@eventbrite.com,Male,181.17.252.205,false
697,Camala,Croley,ccroleyjc@theglobeandmail.com,Female,191.190.179.139,false
698,Thedrick,McCaughey,tmccaugheyjd@cam.ac.uk,Male,182.67.127.217,true
699,Leora,Hainge,lhaingeje@prweb.com,Female,153.165.109.121,false
700,Leora,Shevell,lshevelljf@tinyurl.com,Female,22.6.139.5,true
701,Collette,Garrod,cgarrodjg@parallels.com,Female,230.52.164.114,true
702,Ciel,Stading,cstadingjh@jigsy.com,Female,50.237.16.4,true
703,Ashlen,Kinglesyd,akinglesydji@example.com,Female,236.210.39.251,false
704,Franklin,Clayworth,fclayworthjj@baidu.com,Male,34.228.142.182,false
705,Kettie,Saller,ksallerjk@eventbrite.com,Female,112.144.235.6,true
706,Stanford,Koschek,skoschekjl@omniture.com,Male,38.27.136.194,false
707,Siusan,Edensor,sedensorjm@parallels.com,Female,103.20.160.128,false
708,Sax,Olin,solinjn@microsoft.com,Male,136.16.117.18,true
709,Delano,Stilgoe,dstilgoejo@behance.net,Male,250.1.177.185,false
710,Prent,Cuffin,pcuffinjp@printfriendly.com,Polygender,217.50.166.29,false
711,Phyllida,Siddon,psiddonjq@springer.com,Female,132.94.145.54,false
712,Kelsey,Featenby,kfeatenbyjr@stumbleupon.com,Male,72.60.101.255,false
713,Ennis,Kitchener,ekitchenerjs@blogtalkradio.com,Male,43.197.19.232,true
714,Derwin,MacAlees,dmacaleesjt@buzzfeed.com,Male,199.164.43.50,true
715,Giraud,Shaves,gshavesju@opensource.org,Male,76.25.163.11,true
716,Burg,Buckney,bbuckneyjv@deviantart.com,Male,73.103.174.52,true
717,Valentine,Braidford,vbraidfordjw@liveinternet.ru,Male,242.45.119.210,false
718,Mead,Hunt,mhuntjx@time.com,Female,96.35.183.171,true
719,Kaycee,Sailor,ksailorjy@ca.gov,Female,36.18.197.7,false
720,Frasco,Lawrenceson,flawrencesonjz@twitpic.com,Genderfluid,56.162.165.238,false
721,Sharon,Garfath,sgarfathk0@artisteer.com,Female,14.97.208.99,true
722,Lynelle,Coxhell,lcoxhellk1@scientificamerican.com,Female,46.33.92.122,false
723,Joanne,Gasticke,jgastickek2@shutterfly.com,Female,210.193.125.132,true
724,Blaire,Ranns,brannsk3@indiegogo.com,Female,74.172.226.189,false
725,Alard,Kuzemka,akuzemkak4@wordpress.com,Male,69.236.152.22,false
726,Virgie,Shenton,vshentonk5@walmart.com,Male,128.41.81.65,false
727,Elsi,Bucher,ebucherk6@prnewswire.com,Bigender,180.103.90.218,true
728,Jodi,Willishire,jwillishirek7@ed.gov,Female,250.56.235.68,true
729,Paolo,Burtwell,pburtwellk8@pinterest.com,Male,161.35.178.253,false
730,Upton,Deware,udewarek9@hao123.com,Male,36.59.5.28,false
731,Jodie,Snowling,jsnowlingka@friendfeed.com,Female,204.232.3.216,true
732,Alic,Dewing,adewingkb@list-manage.com,Male,19.45.57.5,true
733,Pauletta,Cordie,pcordiekc@google.com,Bigender,146.9.144.250,true
734,Claudette,Burchett,cburchettkd@addthis.com,Female,169.178.98.40,false
735,Berty,Nattriss,bnattrisske@ask.com,Male,229.239.107.78,false
736,Eliot,Ailmer,eailmerkf@alibaba.com,Male,11.19.128.111,true
737,Rriocard,O'Neary,ronearykg@auda.org.au,Bigender,168.43.170.38,true
738,Louie,Greenside,lgreensidekh@senate.gov,Male,149.166.71.52,true
739,Tripp,Crathern,tcrathernki@wix.com,Male,13.178.126.184,false
740,Kattie,Fay,kfaykj@virginia.edu,Female,193.45.3.46,true
741,Franciska,Robers,froberskk@squidoo.com,Non-binary,120.214.68.210,true
742,Ondrea,Yarker,oyarkerkl@tiny.cc,Polygender,213.88.115.37,false
743,Egan,Recke,ereckekm@statcounter.com,Male,215.208.148.186,false
744,Arley,Breeder,abreederkn@mapy.cz,Male,142.23.224.193,true
745,Nessa,Syson,nsysonko@taobao.com,Female,78.33.145.3,true
746,Burr,Dashwood,bdashwoodkp@fastcompany.com,Male,30.78.158.57,false
747,Cordy,Eastcott,ceastcottkq@unesco.org,Non-binary,242.64.187.45,false
748,Marysa,Ruvel,mruvelkr@feedburner.com,Female,165.89.226.51,false
749,Opalina,Jarmaine,ojarmaineks@stanford.edu,Female,191.191.226.186,false
750,Morton,Cradock,mcradockkt@blogtalkradio.com,Male,58.110.35.27,false
751,Kinsley,Scading,kscadingku@dedecms.com,Male,141.44.111.124,true
752,Cherey,Groarty,cgroartykv@va.gov,Female,94.254.60.9,true
753,Alys,Batistelli,abatistellikw@lycos.com,Female,68.95.182.9,false
754,Darin,Wyman,dwymankx@nytimes.com,Male,156.116.180.216,false
755,Thorndike,Berkley,tberkleyky@wordpress.org,Male,204.214.10.66,true
756,Brant,Durbann,bdurbannkz@biblegateway.com,Male,165.90.18.177,true
757,Bil,Tootell,btootelll0@biblegateway.com,Male,196.104.23.53,false
758,Brittne,Gutowska,bgutowskal1@jigsy.com,Female,67.168.240.172,false
759,Eleonore,Ferrant,eferrantl2@ebay.com,Female,156.250.148.207,false
760,Shaine,Gouldbourn,sgouldbournl3@networkadvertising.org,Male,238.203.156.222,true
761,Leonidas,Thoday,lthodayl4@nba.com,Male,243.228.193.1,false
762,Josh,Wenzel,jwenzell5@upenn.edu,Male,131.147.160.124,true
763,Zedekiah,Hefferon,zhefferonl6@wsj.com,Male,116.161.103.41,true
764,Osbert,Golt,ogoltl7@networksolutions.com,Male,73.50.177.23,true
765,Milo,Dukelow,mdukelowl8@amazon.de,Male,19.220.23.240,false
766,Kasper,Coweuppe,kcoweuppel9@mozilla.com,Male,10.103.144.85,false
767,Doe,Betjes,dbetjesla@geocities.jp,Female,131.160.50.189,true
768,Ariel,Marfell,amarfelllb@ucoz.com,Male,184.83.245.154,false
769,Una,Lunk,ulunklc@wunderground.com,Female,253.176.8.59,true
770,Mil,Gertz,mgertzld@ibm.com,Female,223.71.170.33,true
771,Morris,Blanden,mblandenle@icq.com,Male,174.62.32.35,false
772,Valaree,Brimham,vbrimhamlf@chicagotribune.com,Female,123.146.165.180,true
773,Palmer,Grewer,pgrewerlg@state.tx.us,Male,107.98.36.142,false
774,Drusi,Llop,dlloplh@seesaa.net,Polygender,29.122.36.219,false
775,Leena,Pappin,lpappinli@uiuc.edu,Female,221.38.45.23,false
776,Werner,Tonner,wtonnerlj@mapquest.com,Male,15.47.225.88,false
777,Ashlen,Godin,agodinlk@sohu.com,Female,213.2.47.83,true
778,Hailey,Cota,hcotall@google.pl,Male,131.56.251.164,false
779,Vito,Saunier,vsaunierlm@goodreads.com,Male,10.113.19.244,true
780,Letizia,O'Crigane,locriganeln@123-reg.co.uk,Female,136.131.7.94,false
781,Ursola,Signoret,usignoretlo@google.fr,Non-binary,64.215.112.65,false
782,Deanne,Licence,dlicencelp@adobe.com,Female,233.122.244.125,true
783,Haven,Allabush,hallabushlq@biblegateway.com,Male,168.171.250.77,true
784,Eddy,Sprigg,esprigglr@theatlantic.com,Genderqueer,131.100.8.64,true
785,Christabel,Canlin,ccanlinls@163.com,Female,240.232.161.182,true
786,Ellery,Renouf,erenouflt@freewebs.com,Male,249.144.11.183,false
787,Erina,Isaak,eisaaklu@ibm.com,Female,188.130.112.10,true
788,Harrietta,Blanckley,hblanckleylv@hp.com,Female,226.96.22.204,false
789,Bernelle,Johnson,bjohnsonlw@diigo.com,Female,4.85.57.191,true
790,Virginie,Levings,vlevingslx@ehow.com,Polygender,126.173.236.243,true
791,Glynn,Cafferky,gcafferkyly@yahoo.co.jp,Non-binary,214.91.145.71,true
792,Ashia,Padmore,apadmorelz@state.gov,Female,234.7.8.0,false
793,Hildegarde,Pickrell,hpickrellm0@reddit.com,Female,92.155.26.185,true
794,Charlotte,Budget,cbudgetm1@unesco.org,Female,84.13.199.98,false
795,Joice,Surmeyer,jsurmeyerm2@ucoz.ru,Female,246.101.222.242,true
796,Joyce,Le Marchand,jlemarchandm3@netscape.com,Female,74.208.86.221,true
797,Elset,Kilpatrick,ekilpatrickm4@irs.gov,Female,66.131.211.193,true
798,Jorge,Zoellner,jzoellnerm5@linkedin.com,Male,155.127.39.171,true
799,Marv,Temperley,mtemperleym6@dailymotion.com,Bigender,103.173.98.163,true
800,Georgianna,Trickey,gtrickeym7@jiathis.com,Genderfluid,55.23.183.166,false
801,Reggi,Sarton,rsartonm8@hud.gov,Genderqueer,48.59.135.103,true
802,Laurette,Germaine,lgermainem9@symantec.com,Female,91.89.140.189,true
803,Paige,Crumb,pcrumbma@usnews.com,Non-binary,37.101.196.62,false
804,Sal,Janway,sjanwaymb@wordpress.org,Female,118.222.164.238,true
805,Kaylee,Snasdell,ksnasdellmc@census.gov,Female,61.60.237.108,false
806,Diena,Vany,dvanymd@thetimes.co.uk,Female,231.39.161.48,true
807,Larisa,Polson,lpolsonme@bizjournals.com,Female,247.29.232.12,true
808,Janella,Ebbutt,jebbuttmf@privacy.gov.au,Female,216.93.236.203,false
809,Jeddy,De Domenici,jdedomenicimg@istockphoto.com,Male,108.145.85.179,false
810,Gisele,Downer,gdownermh@usatoday.com,Female,143.20.40.82,false
811,Magdalen,McMonnies,mmcmonniesmi@163.com,Female,158.208.255.103,false
812,Chlo,Jaime,cjaimemj@oracle.com,Female,240.180.222.172,true
813,Oralla,Hullin,ohullinmk@auda.org.au,Female,232.54.29.165,true
814,Curry,Reedyhough,creedyhoughml@newsvine.com,Male,2.147.7.94,false
815,Nicol,Laws,nlawsmm@xing.com,Female,226.237.44.176,false
816,Tonya,Perrygo,tperrygomn@omniture.com,Female,240.89.62.38,false
817,Cassaundra,Menichini,cmenichinimo@wikia.com,Agender,169.167.68.100,true
818,Regen,Helliker,rhellikermp@drupal.org,Male,115.232.25.206,false
819,Irwin,Izakson,iizaksonmq@spotify.com,Male,118.191.20.25,false
820,Bernadene,Robiot,brobiotmr@tumblr.com,Female,133.70.244.56,false
821,Meridel,Maestro,mmaestroms@pcworld.com,Female,254.62.157.22,false
822,Jarad,Starmer,jstarmermt@storify.com,Male,155.172.156.15,true
823,Whitney,Treher,wtrehermu@nifty.com,Male,25.130.175.112,true
824,Walden,O' Connell,woconnellmv@lulu.com,Male,125.114.216.110,true
825,Candis,Jeromson,cjeromsonmw@foxnews.com,Female,105.121.49.5,true
826,Angil,McGruar,amcgruarmx@berkeley.edu,Female,66.161.222.47,false
827,Jaymee,Surphliss,jsurphlissmy@ted.com,Female,177.208.234.58,true
828,Nissa,Simmonite,nsimmonitemz@house.gov,Genderfluid,40.172.172.163,false
829,Shelden,Lief,sliefn0@ask.com,Male,248.74.135.139,false
830,Gothart,Baxstair,gbaxstairn1@yale.edu,Male,184.225.251.70,false
831,Gerick,Boow,gboown2@pagesperso-orange.fr,Male,11.23.235.143,true
832,Annamaria,Creegan,acreegann3@altervista.org,Female,93.221.51.42,true
833,Farra,Soreau,fsoreaun4@nydailynews.com,Female,20.147.5.112,false
834,Elmore,Ummfrey,eummfreyn5@t.co,Male,64.35.56.161,false
835,Bernard,Fishlock,bfishlockn6@discuz.net,Polygender,136.231.63.160,true
836,Corrie,Collibear,ccollibearn7@moonfruit.com,Female,53.175.67.109,true
837,Homer,Longstaffe,hlongstaffen8@ted.com,Agender,57.193.87.42,false
838,Rubia,Edsall,redsalln9@storify.com,Female,194.99.182.214,true
839,Lionel,Brunsden,lbrunsdenna@ucsd.edu,Male,130.215.213.254,true
840,Marco,Gonneau,mgonneaunb@nsw.gov.au,Male,142.32.239.80,true
841,Shandy,Morin,smorinnc@cam.ac.uk,Female,65.91.156.90,true
842,Aldous,Caygill,acaygillnd@alibaba.com,Male,5.205.154.47,true
843,Kathrine,Deftie,kdeftiene@freewebs.com,Female,43.123.245.158,true
844,Mill,Kinsett,mkinsettnf@arstechnica.com,Male,12.180.109.163,false
845,Jaquenetta,Sawford,jsawfordng@github.io,Female,184.244.69.78,false
846,Kyrstin,Melmeth,kmelmethnh@java.com,Female,173.42.121.213,true
847,Cristin,Gauche,cgaucheni@topsy.com,Female,146.39.122.85,false
848,Jennica,Rushworth,jrushworthnj@phoca.cz,Female,231.35.223.233,true
849,Stormie,Hearnaman,shearnamannk@ask.com,Female,182.149.177.122,true
850,Bren,Burmingham,bburminghamnl@redcross.org,Bigender,229.5.165.148,true
851,Tracy,Emeney,temeneynm@scientificamerican.com,Male,19.17.92.93,true
852,Lon,Penkethman,lpenkethmannn@nba.com,Male,31.98.104.171,true
853,Rutledge,Secret,rsecretno@goo.gl,Male,225.1.213.22,false
854,Norby,Polding,npoldingnp@mail.ru,Male,219.121.211.151,true
855,Davida,Quarterman,dquartermannq@psu.edu,Female,138.84.126.146,false
856,Delmore,Newbegin,dnewbeginnr@list-manage.com,Male,104.183.7.137,false
857,Ashley,Woodrow,awoodrowns@businesswire.com,Female,123.255.255.219,false
858,Bayard,Mc Meekin,bmcmeekinnt@utexas.edu,Male,109.72.103.242,false
859,Henryetta,Lewendon,hlewendonnu@usa.gov,Female,255.91.225.31,true
860,Percy,Senner,psennernv@phoca.cz,Male,167.219.121.126,true
861,Hillyer,Ahrenius,hahreniusnw@reuters.com,Male,17.90.39.39,false
862,Kerr,Courcey,kcourceynx@biblegateway.com,Male,154.226.252.78,true
863,Chester,Hebden,chebdenny@hexun.com,Male,162.111.1.203,false
864,Maje,McGenn,mmcgennnz@cocolog-nifty.com,Bigender,190.124.188.168,false
865,Nikolas,Garahan,ngarahano0@shop-pro.jp,Male,83.196.173.216,false
866,Lisetta,Tompkinson,ltompkinsono1@liveinternet.ru,Female,120.64.91.52,false
867,Roseanna,Pigford,rpigfordo2@microsoft.com,Female,113.155.45.119,true
868,Conn,Endrizzi,cendrizzio3@theglobeandmail.com,Male,216.94.21.48,true
869,Rod,Cassella,rcassellao4@tumblr.com,Male,71.9.123.182,false
870,Kali,Pancost,kpancosto5@alexa.com,Agender,107.36.132.196,false
871,Berget,Shasnan,bshasnano6@is.gd,Female,10.199.36.34,true
872,Brook,Vergine,bvergineo7@wix.com,Agender,33.214.154.80,false
873,Gayler,Lorand,glorando8@deviantart.com,Male,177.4.249.13,true
874,Laraine,Stallon,lstallono9@w3.org,Female,133.84.5.138,false
875,Wilek,Northidge,wnorthidgeoa@wordpress.org,Bigender,33.188.201.50,false
876,Price,Bonsul,pbonsulob@tinyurl.com,Male,196.241.71.60,true
877,Beryl,Stellin,bstellinoc@china.com.cn,Female,8.232.153.226,false
878,Emilia,Lembrick,elembrickod@usgs.gov,Female,219.253.69.249,false
879,Allyson,Caslake,acaslakeoe@bigcartel.com,Female,164.108.112.71,false
880,Bessy,Chandlar,bchandlarof@mozilla.com,Genderqueer,132.9.68.35,true
881,Legra,Cleverley,lcleverleyog@reddit.com,Female,210.199.220.223,false
882,Debor,Peskin,dpeskinoh@discovery.com,Female,71.151.243.193,false
883,Arly,Adamowitz,aadamowitzoi@nifty.com,Female,215.122.137.198,false
884,Astrid,MacGillavery,amacgillaveryoj@home.pl,Female,24.183.89.85,false
885,Killian,Dils,kdilsok@clickbank.net,Male,104.65.87.28,false
886,Wendall,Brawn,wbrawnol@digg.com,Male,68.60.98.193,true
887,Trix,Pollicatt,tpollicattom@cbslocal.com,Female,47.127.222.133,false
888,Ronica,Vakhlov,rvakhlovon@ifeng.com,Bigender,117.240.91.10,false
889,Jeremie,Borge,jborgeoo@mozilla.com,Male,16.74.128.140,false
890,Albertine,Pert,apertop@goo.gl,Female,184.197.87.197,false
891,Marlena,MacCall,mmaccalloq@yellowbook.com,Female,121.213.122.180,true
892,Callida,Palle,cpalleor@hud.gov,Female,15.53.55.223,true
893,Gaspard,Kitcher,gkitcheros@people.com.cn,Male,248.49.39.108,true
894,Bethany,Bernier,bbernierot@sina.com.cn,Female,129.221.113.73,true
895,Zara,Phin,zphinou@tmall.com,Female,84.139.77.157,false
896,Pascale,Hayden,phaydenov@dell.com,Male,51.134.12.95,true
897,Vail,Baggelley,vbaggelleyow@youku.com,Male,11.143.156.235,false
898,Danya,Durbin,ddurbinox@skype.com,Male,247.112.123.232,true
899,Garrot,Verchambre,gverchambreoy@howstuffworks.com,Male,50.129.66.205,true
900,Jobina,Southerns,jsouthernsoz@mysql.com,Female,230.78.109.224,true
901,Ron,Baradel,rbaradelp0@cdbaby.com,Male,227.173.22.186,true
902,Gerardo,Chaldecott,gchaldecottp1@nhs.uk,Agender,100.181.3.84,false
903,Steve,Brumham,sbrumhamp2@over-blog.com,Male,83.178.147.194,true
904,Ermentrude,Pheasant,epheasantp3@e-recht24.de,Female,50.89.166.84,false
905,Arlette,Catteroll,acatterollp4@drupal.org,Female,49.181.68.169,false
906,Orsa,Denniss,odennissp5@technorati.com,Female,182.27.239.223,false
907,Farra,Craigs,fcraigsp6@liveinternet.ru,Female,204.49.141.80,false
908,Lesley,Pawlick,lpawlickp7@cisco.com,Male,135.84.38.48,true
909,Tuckie,Lathaye,tlathayep8@omniture.com,Male,213.131.89.124,true
910,Mal,Reasce,mreascep9@wiley.com,Male,4.156.42.165,true
911,Georgena,Eastcourt,geastcourtpa@skyrock.com,Female,234.14.112.97,true
912,Rosita,Beisley,rbeisleypb@1und1.de,Female,34.21.65.138,false
913,Carlie,Gabel,cgabelpc@bigcartel.com,Female,212.79.26.24,false
914,Adelind,Thornthwaite,athornthwaitepd@blogs.com,Polygender,226.45.53.222,false
915,Rodrigo,Gareisr,rgareisrpe@miitbeian.gov.cn,Male,16.8.221.117,true
916,Tony,Caltun,tcaltunpf@disqus.com,Female,196.249.163.49,false
917,Nananne,Barfitt,nbarfittpg@goo.ne.jp,Polygender,164.241.115.36,true
918,Worthy,Grills,wgrillsph@sitemeter.com,Male,151.80.247.0,false
919,Fran,Monni,fmonnipi@howstuffworks.com,Female,179.46.153.50,false
920,Lindon,Skerm,lskermpj@netlog.com,Male,60.143.174.157,true
921,Yuma,Valett,yvalettpk@smugmug.com,Male,156.44.142.159,true
922,Si,Lutwyche,slutwychepl@scribd.com,Male,85.228.241.116,true
923,Richmond,Hitzmann,rhitzmannpm@hp.com,Male,213.219.217.193,true
924,Cortney,Huguet,chuguetpn@google.cn,Female,215.3.42.210,false
925,Fidelio,Willeman,fwillemanpo@ebay.com,Male,79.7.204.13,true
926,Haroun,Wrotham,hwrothampp@lycos.com,Male,25.74.104.170,true
927,Stacee,Bloore,sbloorepq@washington.edu,Male,91.38.52.216,true
928,Kathrine,Itchingham,kitchinghampr@dyndns.org,Female,125.174.207.229,true
929,Monroe,Taylor,mtaylorps@europa.eu,Male,166.35.87.212,false
930,Sheila-kathryn,Aloshechkin,saloshechkinpt@wsj.com,Bigender,188.79.81.94,true
931,June,Livings,jlivingspu@geocities.com,Female,243.130.218.15,false
932,Richart,Bardsley,rbardsleypv@hao123.com,Male,158.208.201.118,true
933,Darren,Bostick,dbostickpw@sfgate.com,Male,83.109.33.81,false
934,Ennis,Semper,esemperpx@google.com.au,Male,93.175.177.50,false
935,Stearne,Eccleshare,secclesharepy@simplemachines.org,Male,69.0.133.236,true
936,Jesselyn,Else,jelsepz@time.com,Female,6.95.19.59,false
937,Phebe,Topp,ptoppq0@netlog.com,Female,205.141.250.153,false
938,Kristine,Attwooll,kattwoollq1@nifty.com,Female,65.142.77.211,false
939,Fanchon,Mapstone,fmapstoneq2@pen.io,Female,192.65.155.111,true
940,Les,de Clerc,ldeclercq3@bing.com,Male,84.234.105.134,false
941,Valentijn,Mattusevich,vmattusevichq4@sogou.com,Male,142.239.138.239,false
942,Sunny,Minelli,sminelliq5@i2i.jp,Male,47.183.120.30,false
943,Rourke,Mote,rmoteq6@blogtalkradio.com,Male,228.148.150.187,true
944,Blondell,Vernall,bvernallq7@nyu.edu,Female,0.209.94.235,false
945,Ev,Shapter,eshapterq8@archive.org,Male,65.133.73.183,true
946,Craig,Pardal,cpardalq9@weibo.com,Male,187.65.224.193,true
947,Evelin,Cammack,ecammackqa@yolasite.com,Male,130.25.227.11,true
948,Kendra,Blight,kblightqb@baidu.com,Female,222.249.78.195,false
949,Roseline,Zukierman,rzukiermanqc@usda.gov,Female,151.3.11.115,false
950,Ermin,Schreurs,eschreursqd@nba.com,Male,250.123.2.235,true
951,Desmond,Puffett,dpuffettqe@reuters.com,Male,132.34.18.234,false
952,Dieter,Keeling,dkeelingqf@forbes.com,Male,212.231.97.15,false
953,Morley,Boddam,mboddamqg@smh.com.au,Male,88.160.248.87,false
954,Cthrine,Drei,cdreiqh@indiatimes.com,Female,189.64.201.111,true
955,Olivier,Cassar,ocassarqi@pbs.org,Male,203.116.60.220,true
956,Lari,Pennycook,lpennycookqj@wiley.com,Female,159.164.113.212,false
957,Marcelo,MacGruer,mmacgruerqk@fc2.com,Male,55.13.171.135,true
958,Hedwiga,Creese,hcreeseql@trellian.com,Genderfluid,26.66.216.79,true
959,Jackie,Berard,jberardqm@smh.com.au,Female,58.13.69.197,true
960,Tiffani,Rape,trapeqn@people.com.cn,Female,245.188.52.207,false
961,Mindy,Bitten,mbittenqo@fotki.com,Female,141.67.87.174,false
962,Wally,Radleigh,wradleighqp@upenn.edu,Male,245.253.146.4,true
963,Correna,Rapinett,crapinettqq@discuz.net,Female,121.5.207.110,true
964,Berkeley,Coey,bcoeyqr@altervista.org,Male,81.129.139.237,false
965,Isabeau,Dantesia,idantesiaqs@cmu.edu,Female,89.74.201.62,true
966,Frank,Oakwell,foakwellqt@bravesites.com,Male,76.90.176.91,true
967,Anett,Hynson,ahynsonqu@hud.gov,Female,160.45.29.135,true
968,Jackqueline,Fife,jfifeqv@wisc.edu,Bigender,171.191.3.126,true
969,Karlie,Smoote,ksmooteqw@timesonline.co.uk,Female,65.192.153.6,false
970,Louis,de Clerk,ldeclerkqx@gravatar.com,Male,170.25.224.104,true
971,Concettina,Castletine,ccastletineqy@scientificamerican.com,Female,251.108.225.43,false
972,Gherardo,Cradduck,gcradduckqz@i2i.jp,Male,217.16.159.98,true
973,Adham,Kitney,akitneyr0@harvard.edu,Male,55.195.182.132,false
974,Myrah,Coventon,mcoventonr1@tumblr.com,Female,166.39.241.207,true
975,Randene,Bread,rbreadr2@foxnews.com,Female,208.27.8.239,false
976,Alec,Swalteridge,aswalteridger3@soup.io,Male,190.20.207.73,true
977,Angy,St Ledger,astledgerr4@google.nl,Bigender,7.63.184.147,true
978,Sephira,Easterbrook,seasterbrookr5@wp.com,Female,89.150.199.103,false
979,Angelita,Rolingson,arolingsonr6@booking.com,Female,55.197.147.71,true
980,Curr,Catmull,ccatmullr7@blog.com,Polygender,9.145.139.198,false
981,Eugenius,Todaro,etodaror8@zdnet.com,Male,116.128.157.9,false
982,Donall,Stedall,dstedallr9@a8.net,Male,160.82.83.218,true
983,Cheston,Kraft,ckraftra@jimdo.com,Male,209.203.73.120,false
984,Terrel,Baroch,tbarochrb@pcworld.com,Male,14.121.98.57,true
985,Ron,Bradden,rbraddenrc@opensource.org,Male,71.152.184.159,true
986,Kaleena,Opfer,kopferrd@harvard.edu,Non-binary,16.158.69.166,true
987,Angus,Poad,apoadre@hibu.com,Male,71.185.119.102,true
988,Marjy,Tommis,mtommisrf@japanpost.jp,Genderqueer,181.74.101.183,true
989,Vincenz,MacRorie,vmacrorierg@google.fr,Genderfluid,161.38.157.132,true
990,Yovonnda,Verrillo,yverrillorh@multiply.com,Female,174.187.245.248,false
991,Lorne,Mickan,lmickanri@japanpost.jp,Male,67.44.6.228,true
992,Barron,Jovis,bjovisrj@usgs.gov,Male,152.58.113.168,false
993,Kellsie,McLleese,kmclleeserk@yale.edu,Female,212.7.123.10,true
994,Cyrillus,Devennie,cdevennierl@elegantthemes.com,Male,134.172.101.201,true
995,Mead,Dommerque,mdommerquerm@businesswire.com,Male,78.10.163.204,true
996,Tiler,Kleeman,tkleemanrn@smh.com.au,Male,194.79.3.154,true
997,Fallon,Perle,fperlero@yelp.com,Female,220.157.248.86,true
998,Ericha,Verdun,everdunrp@odnoklassniki.ru,Female,165.247.47.144,false
999,Brittne,Weiner,bweinerrq@infoseek.co.jp,Female,198.102.3.202,false
1000,Tabbie,Barstowk,tbarstowkrr@parallels.com,Male,4.75.215.48,true
